instruction,output,value
"아래의 두 메모의 메모내용을 읽고 파악하여 각 메모로부터 키워드를 찾고 이를 통해 새로운 개념이나 아이디어를 200글자 이하로 도출하세요.
추출한 키워드에 대한 설명없이 새로운 개념이나 아이디어만을 출력하세요.

[1번 메모]

<메모내용>: 양자역학은 현대 물리학의 중요한 기초 중 하나로, 미시 세계에서 물질과 에너지가 상호작용하는 방식을 설명한다. 이 이론은 고전 물리학으로는 설명할 수 없는 현상들을 다루며, 특히 입자의 거동과 불확실성 원리에 중점을 두고 있다. 이러한 원리는 우리의 일상적인 직관과는 다른 방식으로 세상을 이해하도록 해 준다.

양자역학의 가장 큰 장점 중 하나는 기술 발전에 미치는 영향이다. 양자 컴퓨팅, 양자 암호화, 그리고 양자 센서 기술은 모두 양자역학의 원리를 기반으로 하고 있으며, 이러한 기술들은 정보 처리 방식과 보안, 정밀 측정에서 혁신을 이끌고 있다. 즉, 양자역학은 단순한 이론이 아니라, 실생활에서 활용될 수 있는 훌륭한 도구로 자리 잡고 있다.

하지만 양자역학은 그 이해가 복잡하고 난해하다는 단점이 있다. 많은 사람들은 양자역학의 개념을 grasp하기 어려워하며, 이는 일부 사람들이 이 이론에 대한 불신으로 이어질 수 있다. 또한, 양자역학이 실제 세상에서 어떻게 작용하는지를 직관적으로 이해하기 어려워 많은 오해를 불러일으킬 수 있다. 이런 불안정한 이해는 양자 기술의 발전에도 걸림돌이 될 수 있다.

결론적으로, 양자역학은 현대 과학의 기초를 이루며, 우리의 기술적 진보에 있어 중요한 역할을 하고 있지만, 여전히 그 복잡성과 이해의 어려움 때문에 일반 대중에게는 다소 불안한 주제일 수 있다.

[2번 메모]

<메모내용>: 글로벌 무역은 국제 경제에서 중요한 역할을 하며, 긍정적인 영향을 미친다. 첫째, 다양한 국가 간의 상품과 서비스의 거래는 각국의 경제 성장을 촉진하고, 자원의 효율적 분배를 가능하게 한다. 예를 들어, 한 국가가 특정 제품을 효과적으로 생산할 수 있다면, 그 제품을 수출함으로써 다른 국가들은 필요한 자원을 얻을 수 있다. 이는 서로의 경제를 상호 의존하게 만들어, 전 세계적인 경제 안정성을 증진시킨다.

둘째, 글로벌 무역은 소비자에게 더 많은 선택지를 제공한다. 다양한 국가에서 생산된 상품들이 시장에 공급되면서 소비자들은 품질, 가격, 디자인 등에서 더 나은 선택을 할 수 있다. 이는 소비자의 구매력을 높이고, 생활 수준을 향상시킨다.

셋째, 글로벌 무역은 기술과 아이디어의 교류를 촉진한다. 각국의 기업들이 서로 협력하고 경쟁하면서 혁신이 촉진되고, 새로운 기술이 개발되며, 이에 따라 생산성이 향상된다. 이로 인해 각국의 산업이 발전하고, 고용 창출에도 긍정적인 영향을 미친다.

마지막으로, 글로벌 무역은 국가 간의 평화와 협력을 강화하는데 기여한다. 경제적 상호 의존성이 커질수록 국가들은 갈등을 피하고, 서로 협력하려는 경향이 강해진다. 이러한 협력은 정치적 안정성과 국제 관계의 개선으로 이어지며, 궁극적으로는 세계 평화에 기여한다. 글로벌 무역은 여러 측면에서 긍정적인 영향을 미치며, 현대 경제의 핵심 요소로 자리 잡고 있다.
","양자역학과 글로벌 무역의 융합을 통한 '양자 경제' 개념은 혁신적인 기술과 글로벌 거래를 결합하여 경제적 효율성을 극대화할 수 있는 가능성을 제시한다. 양자 컴퓨팅 기술을 활용한 무역 데이터 분석은 실시간으로 시장의 변화를 예측하고, 이를 통해 기업들이 더 나은 의사결정을 할 수 있도록 지원한다. 또한, 양자 암호화 기술은 무역 거래의 보안을 강화해 신뢰를 구축하며, 국가 간 협력을 더욱 촉진할 수 있는 기반이 된다. 이러한 접근은 경제적 상호 의존성을 높이고, 글로벌 시장에서의 경쟁력을 강화하는 데 기여할 것이다.",5.8